frc,current_speed,free_flow_speed,congestion_level,current_travel_time,free_flow_travel_time,confidence,delay_time,congestion_index,traffic_efficiency,data_reliability,adjusted_congestion,traffic_id
FRC3,30,30,1.0,673,673,1,0,0.0,100.0,High,0.0,a71ae10f-9e0a-4489-b0f2-cf5644062528
FRC4,34,34,1.0,408,408,1,0,0.0,100.0,High,0.0,0547decd-0f50-4e90-b6c6-4f7104324bb7
FRC2,35,35,1.0,1453,1453,1,0,0.0,100.0,High,0.0,35904213-3c20-42a2-8df6-5e551b8308ca
FRC3,45,45,1.0,397,397,1,0,0.0,100.0,High,0.0,585f3f51-58f9-4aa2-91ee-986d76c71d78
FRC4,38,38,1.0,260,260,1,0,0.0,100.0,High,0.0,90afc0df-7d5b-419c-832c-53e352e726c5
FRC3,41,41,1.0,157,157,1,0,0.0,100.0,High,0.0,af2f6bc4-3c1f-4ebb-aacb-9775a8274fbf
FRC1,45,49,0.9183673469387755,601,552,1,49,0.08163265306122447,91.83673469387756,High,0.08876811594202899,cac4daee-d301-4709-a95b-6d1de932b033
FRC2,59,59,1.0,1741,1741,1,0,0.0,100.0,High,0.0,6157ce36-e7ef-4785-a214-ac1297288f2f
