temperature,pressure,humidity,wind_speed,wind_direction,feels_like_temp,heat_index,weather_condition,weather_id
28,1012,70,1.54,300,30.234830634000193,37.11163628889635,Normal,7fb9fc04-ff66-4403-b6de-9169a893595c
28,1012,70,1.54,300,30.234830634000193,37.11163628889635,Normal,87b30b3b-e12d-428c-a1f9-1ac86abedffd
28,1012,70,1.54,300,30.234830634000193,37.11163628889635,Normal,2b8a0039-761b-48d7-9c4d-7f90180b16dc
25,1012,76,4.05,78,26.83443830038695,32.79320635782942,Normal,f3f43128-a3bb-4a20-9805-7a65fe12dd6f
28,1012,70,1.54,300,30.234830634000193,37.11163628889635,Normal,a4a68b2d-72fc-4d65-ba3b-432b4dd113c0
24,1013,70,0.75,58,26.265403783136826,30.02679620787972,Normal,85df8636-eb4e-427f-90df-af201aa22f8c
28,1012,70,1.54,300,30.234830634000193,37.11163628889635,Normal,19e4e40c-6fe5-48bf-9c48-41970f82b7b4
25,1012,75,2.15,81,27.010101307277555,32.61757206364745,Normal,124669bc-68e6-4f38-96f1-98ce0d37517d
