frc,current_speed,free_flow_speed,congestion_level,current_travel_time,free_flow_travel_time,confidence,delay_time,congestion_index,traffic_efficiency,data_reliability,adjusted_congestion,traffic_id
FRC3,18,31,0.5806451612903226,1123,652,1.0,471,0.4193548387096774,58.06451612903226,High,0.7223926380368099,837f4282-2641-4881-a386-bc797b37ae41
FRC4,27,33,0.8181818181818182,514,421,0.999384,93,0.18181818181818177,81.81818181818183,High,0.2209026128266033,143df72a-e5fd-431c-b2a9-8fd7b01e7c98
FRC2,23,35,0.6571428571428571,2212,1453,1.0,759,0.34285714285714286,65.71428571428571,High,0.522367515485203,d4abd6c5-1981-4cc5-8bcc-f38ca1b140c8
FRC2,21,32,0.65625,863,566,1.0,297,0.34375,65.625,High,0.5247349823321554,5bff9917-7c1c-4d8c-a928-f6b4f57f1757
FRC4,28,37,0.7567567567567568,353,267,0.95,86,0.2432432432432432,75.67567567567568,High,0.32209737827715357,5f81f952-6f7f-41e8-a40c-b1e432dad949
FRC3,27,39,0.6923076923076923,238,165,0.949013,73,0.3076923076923077,69.23076923076923,High,0.44242424242424244,cf13938e-befe-4ab1-b55e-696b703061b7
FRC1,42,49,0.8571428571428571,644,552,1.0,92,0.1428571428571429,85.71428571428571,High,0.16666666666666666,a2551027-e806-4574-bb8d-08586d68fcf6
