frc,current_speed,free_flow_speed,congestion_level,current_travel_time,free_flow_travel_time,confidence,delay_time,congestion_index,traffic_efficiency,data_reliability,adjusted_congestion,traffic_id
FRC3,30,30,1.0,673,673,1,0,0.0,100.0,High,0.0,7d9690fd-e7c8-4c69-9e25-d8d3115d3c6f
FRC4,34,34,1.0,408,408,1,0,0.0,100.0,High,0.0,f1addee4-5353-4ae3-ba99-9d3bb03f753a
FRC2,35,35,1.0,1453,1453,1,0,0.0,100.0,High,0.0,73dc8f3d-042e-445c-9ccc-746f8a2ad0f1
FRC4,38,38,1.0,260,260,1,0,0.0,100.0,High,0.0,0e036047-b3b5-41bf-bd11-da29556e123c
FRC3,41,41,1.0,157,157,1,0,0.0,100.0,High,0.0,d30e2fe2-27f3-43b8-a53c-4eca80ed72c4
FRC1,44,49,0.8979591836734694,615,552,1,63,0.10204081632653061,89.79591836734694,High,0.11413043478260869,31134842-09d6-49f9-b730-1fc4e3bbece7
