frc,current_speed,free_flow_speed,congestion_level,current_travel_time,free_flow_travel_time,confidence,delay_time,congestion_index,traffic_efficiency,data_reliability,adjusted_congestion,traffic_id
FRC3,18,31,0.5806451612903226,1123,652,1.0,471,0.4193548387096774,58.06451612903226,High,0.7223926380368099,41f49d69-c3bb-4762-9ada-b3965edbecdd
FRC4,27,33,0.8181818181818182,514,421,0.999384,93,0.18181818181818177,81.81818181818183,High,0.2209026128266033,aff04664-4c55-4acb-acc3-690335741e9a
FRC2,23,35,0.6571428571428571,2212,1453,1.0,759,0.34285714285714286,65.71428571428571,High,0.522367515485203,91b178cf-352f-49b1-959f-bc8f2c12fec0
FRC2,21,32,0.65625,863,566,1.0,297,0.34375,65.625,High,0.5247349823321554,149e31fe-ac09-4ad2-a523-47fa37fa1cdd
FRC4,28,37,0.7567567567567568,353,267,0.95,86,0.2432432432432432,75.67567567567568,High,0.32209737827715357,ad384222-3969-492c-a334-9925c790ed07
FRC3,27,39,0.6923076923076923,238,165,0.949013,73,0.3076923076923077,69.23076923076923,High,0.44242424242424244,0ab440a1-5180-4b4b-a80e-9c80cc9bd1c9
FRC1,42,49,0.8571428571428571,644,552,1.0,92,0.1428571428571429,85.71428571428571,High,0.16666666666666666,4d8c78ac-1fa0-4429-857e-12c277556fff
