frc,current_speed,free_flow_speed,congestion_level,current_travel_time,free_flow_travel_time,confidence,delay_time,congestion_index,traffic_efficiency,data_reliability,adjusted_congestion,traffic_id
FRC3,18,31,0.5806451612903226,1123,652,1.0,471,0.4193548387096774,58.06451612903226,High,0.7223926380368099,807e15d5-50db-4ec9-9b3e-474391ea99df
FRC4,27,33,0.8181818181818182,514,421,0.999384,93,0.18181818181818177,81.81818181818183,High,0.2209026128266033,eb34f372-48f7-44be-8d4e-2954d8d8529e
FRC2,23,35,0.6571428571428571,2212,1453,1.0,759,0.34285714285714286,65.71428571428571,High,0.522367515485203,25998198-5241-48f6-bad1-656ba4c2feb6
FRC2,21,32,0.65625,863,566,1.0,297,0.34375,65.625,High,0.5247349823321554,12ade8d8-c14a-4a4d-8b90-1e07b50ba6cd
FRC4,28,37,0.7567567567567568,353,267,0.95,86,0.2432432432432432,75.67567567567568,High,0.32209737827715357,638cb54a-ca87-4be4-8a86-b61e238940a6
FRC3,27,39,0.6923076923076923,238,165,0.949013,73,0.3076923076923077,69.23076923076923,High,0.44242424242424244,a74a5d0a-53f1-498e-94c9-018e9d393f21
FRC1,42,49,0.8571428571428571,644,552,1.0,92,0.1428571428571429,85.71428571428571,High,0.16666666666666666,c0dea7f9-dcc2-4486-908c-89052a746266
