temperature,pressure,humidity,wind_speed,wind_direction,feels_like_temp,heat_index,weather_condition,weather_id
33,1007,61,1.03,0,35.352127775265345,44.446745573360225,Normal,687f452d-f85b-40af-b517-8c88a2608e2c
33,1007,61,1.03,0,35.352127775265345,44.446745573360225,Normal,6100adfe-fa67-47fa-959e-2eff8f12efe7
33,1007,61,1.03,0,35.352127775265345,44.446745573360225,Normal,5879cab4-f8cc-4d21-b5d2-39e87ddcbbd1
33,1007,61,1.03,0,35.352127775265345,44.446745573360225,Normal,0b52d2a8-1cb2-4c01-9bd8-806007e21696
33,1006,61,1.03,0,35.352127775265345,44.446745573360225,Normal,1b376f95-502d-4257-92d5-977c8acfb3ff
32,1007,44,4.16,187,34.66365689910144,38.038050485965776,Normal,465a4cbe-b4b3-4c05-b6ab-570cd4d1f4ed
33,1007,61,1.03,0,35.352127775265345,44.446745573360225,Normal,fbf836c0-398e-4e08-9534-4dc3749c046d
