temperature,pressure,humidity,wind_speed,wind_direction,feels_like_temp,heat_index,weather_condition,weather_id
33,1007,61,1.03,0,35.352127775265345,44.446745573360225,Normal,2b6e4d96-eb2a-4f85-8d78-3dd90bb62b89
33,1007,61,1.03,0,35.352127775265345,44.446745573360225,Normal,1fda5077-3cea-4e89-9cff-f85747ec371d
33,1007,61,1.03,0,35.352127775265345,44.446745573360225,Normal,2a567d78-120e-4c9a-9d57-b4de1e40368b
33,1007,61,1.03,0,35.352127775265345,44.446745573360225,Normal,e26f8bcc-127f-4174-90b3-167b9136f681
33,1006,61,1.03,0,35.352127775265345,44.446745573360225,Normal,2be732a0-203a-4e18-ac38-61d2aa54c10d
32,1007,44,4.16,187,34.66365689910144,38.038050485965776,Normal,207a6550-808d-445d-b189-d066885b73b7
33,1007,61,1.03,0,35.352127775265345,44.446745573360225,Normal,20de65c1-fc7d-443d-85af-705f0b875adf
