temperature,pressure,humidity,wind_speed,wind_direction,feels_like_temp,heat_index,weather_condition,weather_id
33,1007,61,1.03,0,35.352127775265345,44.446745573360225,Normal,22f90a29-9d26-461e-beed-46b5df8852f4
33,1007,61,1.03,0,35.352127775265345,44.446745573360225,Normal,356239ec-84e0-4987-9337-ff5e1ba12e32
33,1007,61,1.03,0,35.352127775265345,44.446745573360225,Normal,8760ccbe-ef36-4446-9cdd-3f592f3a8f9b
33,1007,61,1.03,0,35.352127775265345,44.446745573360225,Normal,6608bba3-8f49-4cc6-9bbc-b5366b9493e0
33,1006,61,1.03,0,35.352127775265345,44.446745573360225,Normal,1e1b8140-09b2-42f6-ac8d-008dca48a8c7
32,1007,44,4.16,187,34.66365689910144,38.038050485965776,Normal,24b2da24-8366-47b5-ac0a-84dcd6d3f1eb
33,1007,61,1.03,0,35.352127775265345,44.446745573360225,Normal,9efcf796-6ee6-43ea-a764-c7df56d0d9f2
