temperature,pressure,humidity,wind_speed,wind_direction,feels_like_temp,heat_index,weather_condition,weather_id
28,1011,72,1.03,0,30.252729516610607,37.53068304000767,Normal,6a6396c5-0781-4a39-9a77-327c5451ffe2
28,1011,72,1.03,0,30.252729516610607,37.53068304000767,Normal,c1c3a260-90f0-4560-a5be-afcd6f5ac0f3
28,1011,72,1.03,0,30.252729516610607,37.53068304000767,Normal,3b3d5a77-2734-4485-97a3-bf0eeea75a2d
28,1011,72,1.03,0,30.252729516610607,37.53068304000767,Normal,15b62659-b7a5-440f-8939-68d20255cdad
24,1011,79,1.09,80,26.15625919333432,31.51588429174997,Normal,8499e1b9-261b-4983-b23c-6093e7f0aa2a
28,1011,72,1.03,0,30.252729516610607,37.53068304000767,Normal,abfb5f74-41de-42a6-abe2-c73c3228e2b1
